{"name":"briangriffey_trump-tweets","title":"Trump Tweets","description":"The last 2000 tweets from @realDonaldTrump as of August 10, 2016\n\n# Trump tweets #\n\nTweets from @realdonaldtrump. This includes the ID, the text of the tweet, and the source application. Inspired by the blog post http://varianceexplained.org/r/trump-tweets/","homepage":"https://data.world/briangriffey/trump-tweets","license":"Public Domain","resources":[{"name":"trump_tweets","schema":{"fields":[{"name":"id","title":"id","type":"integer","rdfType":"http://www.w3.org/2001/XMLSchema#integer"},{"name":"text","title":"text","type":"string","rdfType":"http://www.w3.org/2001/XMLSchema#string"},{"name":"source","title":"source","type":"string","rdfType":"http://www.w3.org/2001/XMLSchema#string"}]},"path":"data/trump_tweets.csv","format":"csv"},{"name":"original/gettweets.py","path":"original/gettweets.py","format":"py","mediatype":"application/octet-stream","bytes":1408},{"name":"original/trump_tweets.csv","path":"original/trump_tweets.csv","format":"csv","mediatype":"text/csv","bytes":299793},{"name":"original/vocabulary.py","path":"original/vocabulary.py","format":"py","mediatype":"application/octet-stream","bytes":1132}],"keywords":["trump","election","president"]}